c5uwsok,https://www.reddit.com/r/opiates/comments/yesxg/what_is_the_shelf_life_of_pills_i_found_some/,t3_yesxg,[deleted],,1345262061.0
c5uwow1,https://www.reddit.com/r/opiates/comments/yesxg/what_is_the_shelf_life_of_pills_i_found_some/,t3_yesxg,"The only thing that would really fuck them up would be if they weren't stored properly. If they are in a normal, dry medicine cabinet then they should be fine.",gratefulgrux,1345261573.0
c5uw0s7,https://www.reddit.com/r/opiates/comments/yesxg/what_is_the_shelf_life_of_pills_i_found_some/,t3_yesxg,they won't harm you in any way,scott_halls_beer,1345258480.0
c5uwujp,https://www.reddit.com/r/opiates/comments/yesxg/what_is_the_shelf_life_of_pills_i_found_some/,t3_yesxg,"Not medical advice, but as far as I know, if stored properly (ie not in a damp or humid place) time only (potentially) reduces potency.  ",allesklaar,1345262301.0
c5uxtc9,https://www.reddit.com/r/opiates/comments/yesxg/what_is_the_shelf_life_of_pills_i_found_some/,t3_yesxg,"Took some codeine my buddy found in his medicine cabinet from '97 the other day. Worked like a charm, only slightly lost potency.   ",thatpost,1345266912.0
c5uxtl8,https://www.reddit.com/r/opiates/comments/yesxg/what_is_the_shelf_life_of_pills_i_found_some/,t3_yesxg,I would think only potency would be effected.,IG989,1345266957.0
c5v7nac,https://www.reddit.com/r/opiates/comments/yesxg/what_is_the_shelf_life_of_pills_i_found_some/,t3_yesxg,"Fuck Nickkeback with a rusty, AIDS infected steel large drill bit. Then burn him slowly so he's alive and conscious through it all. Then then piss on him. Finally, hang his rotting and disfigured for all to enjoy. Bravo! 5 Stars *****",BangThatShit,1345327998.0
c5ux6zz,https://www.reddit.com/r/opiates/comments/yesxg/what_is_the_shelf_life_of_pills_i_found_some/,t1_c5uwsok,"Yes, yes that was the best drug advice I've heard in a long while!",OlivePineapple,1345263923.0
c5uy5gx,https://www.reddit.com/r/opiates/comments/yesxg/what_is_the_shelf_life_of_pills_i_found_some/,t1_c5uwow1,"to be completely honest, i would still eat the shit out of them even if they were stored in an abnormal, damp medicine cabinet :/",luckybandman,1345268628.0
c5uw1v8,https://www.reddit.com/r/opiates/comments/yesxg/what_is_the_shelf_life_of_pills_i_found_some/,t1_c5uw0s7,Would they harm me in a good way?,NICKLEBACKRCOKS,1345258619.0
c5uw46s,https://www.reddit.com/r/opiates/comments/yesxg/what_is_the_shelf_life_of_pills_i_found_some/,t1_c5uw1v8,they are 99% as good as they were in 2001,scott_halls_beer,1345258917.0
