d7kfteo,https://i.reddituploads.com/7fa67617d9fc45e2a17cb5c3f0329eb3?fit=max&h=1536&w=1536&s=7e76c7a2abc7b7397cb3a149deecc6ea,t3_52hz5r,"No one up north knew what ""boy"" meant but that was definitely a southern term.  That sushi looks dank!  Have a good night, friend!",ShpongleHead,1473732342.0
d7ket4g,https://i.reddituploads.com/7fa67617d9fc45e2a17cb5c3f0329eb3?fit=max&h=1536&w=1536&s=7e76c7a2abc7b7397cb3a149deecc6ea,t3_52hz5r,Is it bad that I want your sushi more than I want your drugs?,dori_88,1473730908.0
d7l5yvz,https://i.reddituploads.com/7fa67617d9fc45e2a17cb5c3f0329eb3?fit=max&h=1536&w=1536&s=7e76c7a2abc7b7397cb3a149deecc6ea,t3_52hz5r,"Finally someone on here who knows how to get down. Sushi, wine and boy. I can dig it!",somepplcalImemaurice,1473784386.0
d7kon86,https://i.reddituploads.com/7fa67617d9fc45e2a17cb5c3f0329eb3?fit=max&h=1536&w=1536&s=7e76c7a2abc7b7397cb3a149deecc6ea,t3_52hz5r,That sushi looks amazing; I'd kill for some good sushi right now. Think I may have to get some for dinner tomorrow ,Nowisthetime25,1473747611.0
d7ktgxr,https://i.reddituploads.com/7fa67617d9fc45e2a17cb5c3f0329eb3?fit=max&h=1536&w=1536&s=7e76c7a2abc7b7397cb3a149deecc6ea,t3_52hz5r,That's some fire sushi.,Thizzwizz,1473763970.0
d7kv11i,https://i.reddituploads.com/7fa67617d9fc45e2a17cb5c3f0329eb3?fit=max&h=1536&w=1536&s=7e76c7a2abc7b7397cb3a149deecc6ea,t3_52hz5r,My speedballing date in McDonalds seems a little less flashy now. ðŸ˜‚,,1473768157.0
d7l7vw1,https://i.reddituploads.com/7fa67617d9fc45e2a17cb5c3f0329eb3?fit=max&h=1536&w=1536&s=7e76c7a2abc7b7397cb3a149deecc6ea,t3_52hz5r,High class junkies.,inEuph0ria,1473786712.0
d7l8ytv,https://i.reddituploads.com/7fa67617d9fc45e2a17cb5c3f0329eb3?fit=max&h=1536&w=1536&s=7e76c7a2abc7b7397cb3a149deecc6ea,t1_d7kfteo,We called it Diesel where I used to live in Maryland.,Keez13,1473788030.0
d7l5xhb,https://i.reddituploads.com/7fa67617d9fc45e2a17cb5c3f0329eb3?fit=max&h=1536&w=1536&s=7e76c7a2abc7b7397cb3a149deecc6ea,t1_d7kfteo,Upvote because Shpongle.,somepplcalImemaurice,1473784338.0
d7le15q,https://i.reddituploads.com/7fa67617d9fc45e2a17cb5c3f0329eb3?fit=max&h=1536&w=1536&s=7e76c7a2abc7b7397cb3a149deecc6ea,t1_d7kfteo,"Definitely ""boy"" down here, but I am in the south lol",NewOpiAccount,1473794221.0
d7lhf4j,https://i.reddituploads.com/7fa67617d9fc45e2a17cb5c3f0329eb3?fit=max&h=1536&w=1536&s=7e76c7a2abc7b7397cb3a149deecc6ea,t1_d7kfteo,Yep I'm down here in the dirty south as well,gillahouse,1473798287.0
d7kmrxt,https://i.reddituploads.com/7fa67617d9fc45e2a17cb5c3f0329eb3?fit=max&h=1536&w=1536&s=7e76c7a2abc7b7397cb3a149deecc6ea,t1_d7ket4g,"Since OP already finished his blue wine, you can have the sushi and I'll take the drugs.

Sounds like a good deal.",,1473743360.0
d7kfr3p,https://i.reddituploads.com/7fa67617d9fc45e2a17cb5c3f0329eb3?fit=max&h=1536&w=1536&s=7e76c7a2abc7b7397cb3a149deecc6ea,t1_d7ket4g,Yea that's an abomination!,bricksrus412,1473732244.0
d7kw2zl,https://i.reddituploads.com/7fa67617d9fc45e2a17cb5c3f0329eb3?fit=max&h=1536&w=1536&s=7e76c7a2abc7b7397cb3a149deecc6ea,t1_d7ket4g,Maybe to a junkie,teenslovehugecocks,1473770391.0
d7le1rm,https://i.reddituploads.com/7fa67617d9fc45e2a17cb5c3f0329eb3?fit=max&h=1536&w=1536&s=7e76c7a2abc7b7397cb3a149deecc6ea,t1_d7ket4g,Extremely. Just terrible really.,NewOpiAccount,1473794242.0
d7lqh89,https://i.reddituploads.com/7fa67617d9fc45e2a17cb5c3f0329eb3?fit=max&h=1536&w=1536&s=7e76c7a2abc7b7397cb3a149deecc6ea,t1_d7lhf4j,"Yeah, it was thing in Bama but I just got to Florida, still on the search!",ShpongleHead,1473810783.0
