dc1pwtn,https://www.reddit.com/r/opiates/comments/5m8q8l/fent_warning_north_jersey_paterson_973/,t3_5m8q8l,"Damn bro, glad to hear the worst you had to deal with was a face full of vomit. Hope you're feeling alright. I've never spent much time there but I had a lot of friends from ptown growing up across the river so I hope everyone ends up okay.",,1483650018.0
dc1wdwb,https://www.reddit.com/r/opiates/comments/5m8q8l/fent_warning_north_jersey_paterson_973/,t3_5m8q8l,[removed],,1483657448.0
dc89dt5,https://www.reddit.com/r/opiates/comments/5m8q8l/fent_warning_north_jersey_paterson_973/,t3_5m8q8l, only an addict would shoot another bag of cut after almost dying ,Meeks96,1484021840.0
dc21t0r,https://www.reddit.com/r/opiates/comments/5m8q8l/fent_warning_north_jersey_paterson_973/,t3_5m8q8l,4th or 1st ward? ,wordburd,1483664430.0
dc1wfg2,https://www.reddit.com/r/opiates/comments/5m8q8l/fent_warning_north_jersey_paterson_973/,t1_dc1wdwb,[removed],,1483657502.0
dc89h3c,https://www.reddit.com/r/opiates/comments/5m8q8l/fent_warning_north_jersey_paterson_973/,t1_dc89dt5,Hi nice to meet you ,throwawaytrainaint,1484021968.0
dc4d7mf,https://www.reddit.com/r/opiates/comments/5m8q8l/fent_warning_north_jersey_paterson_973/,t1_dc21t0r,"Pretty sure it was all over the whole city, i still find those empties around my apt.",dopeless-hopehead,1483806239.0
dc1whm1,https://www.reddit.com/r/opiates/comments/5m8q8l/fent_warning_north_jersey_paterson_973/,t1_dc1wfg2,[removed],,1483657576.0
dc23dal,https://www.reddit.com/r/opiates/comments/5m8q8l/fent_warning_north_jersey_paterson_973/,t1_dc1whm1,"Dude, don't be posting trap house locations here. ",FashionablyFake,1483666473.0
dc29hd0,https://www.reddit.com/r/opiates/comments/5m8q8l/fent_warning_north_jersey_paterson_973/,t1_dc23dal,Oooh shit my apologies,Bob50210,1483674499.0
dc5oipk,https://www.reddit.com/r/opiates/comments/5m8q8l/fent_warning_north_jersey_paterson_973/,t1_dc23dal,hahahaha this just had me crackin up,SlimGeebus,1483887569.0
