e2ovqcs,https://en.wikipedia.org/wiki/Brompton_cocktail,t3_90a3vj,"My favorite is the holy trinity: Soma, Xanax, and Oxycontin.",fleetfan,1532037252.0
e2ovzqq,https://en.wikipedia.org/wiki/Brompton_cocktail,t3_90a3vj,"I knew that's what it was gonna be when I clicked on it.
Also, a mickey Finn is supposed to be nice...if you manage to remember it",dopevshope,1532037489.0
e2ox9kp,https://en.wikipedia.org/wiki/Brompton_cocktail,t3_90a3vj,[deleted],,1532038688.0
e2oy7o3,https://en.wikipedia.org/wiki/Brompton_cocktail,t1_e2ox9kp,Umm...,phytop,1532039583.0
e2oznlb,https://en.wikipedia.org/wiki/Brompton_cocktail,t1_e2oy7o3,Fuck off..I deleted it. I swear I always see you being a jerk to any person asking questions on here! ğŸ™„ğŸ˜¡ğŸ–•ğŸ¼,eflood05,1532041384.0
e2p47ab,https://en.wikipedia.org/wiki/Brompton_cocktail,t1_e2oznlb,How was I being a jerk?,phytop,1532046082.0
e2p6649,https://en.wikipedia.org/wiki/Brompton_cocktail,t1_e2p47ab,"Instead of giving me an answer, or asking me to better clarify what I meant to ask, you had to make a snarky â€œummmmâ€ as tho youâ€™re implying something, but donâ€™t wanna Iâ€™ve an answer. I donâ€™t deal with people being assholes or making a person look silly, instead of simply answering a question thatâ€™s being asked, from someone whoâ€™s legitimately just trying to understand..",eflood05,1532048211.0
e2p6c7i,https://en.wikipedia.org/wiki/Brompton_cocktail,t1_e2p47ab,"And it isnâ€™t the first time Iâ€™ve seen you being snarky or sarcastic to someone asking a question. A lot of things might be obvious to you, but to the people asking questions  about things that may be obvious to you or I, it isnâ€™t to that particular  person. Be respectful! A LOT of people come here as a refuge to ask questions without feeling judged and made a fool of!!! Respect that. ğŸ‘ŒğŸ¼ğŸ‘ŒğŸ¼ğŸ‘ŒğŸ¼",eflood05,1532048394.0
e2q0kmx,https://en.wikipedia.org/wiki/Brompton_cocktail,t1_e2p6c7i,"Whoa, there bud. It's not that big of deal, my sole, initial point was that your now deleted post would be cleared up reading the first line of his link. I'll bet that no matter how I had told you exactly that, you'd have had the same overreaction.",phytop,1532092448.0
