c80segt,https://www.reddit.com/r/opiates/comments/16zdqj/hit_arterie/,t3_16zdqj,Blood will rush into the syringe and will be frothy. It'll also feel like you just injected fire if your stupid like me and just pushed down anyways.,xindig0,1358766016.0
c81cr8r,https://www.reddit.com/r/opiates/comments/16zdqj/hit_arterie/,t3_16zdqj,"There will be alot more pressure and blood will rush in the barrel. If you pull the needle out, and the blood is bright red, like really bright red. It will hurt bad also. It will burn if you plunge after you register. Hopefully you didn't try to. ",pies69,1358840235.0
c80u2gp,https://www.reddit.com/r/opiates/comments/16zdqj/hit_arterie/,t3_16zdqj,i go for my neck sometimes and i nly start banging and 4 weeks ago,SlicedPears,1358779083.0
c80uqi3,https://www.reddit.com/r/opiates/comments/16zdqj/hit_arterie/,t3_16zdqj,Blood also draws darker.,seign,1358782191.0
c80x4k8,https://www.reddit.com/r/opiates/comments/16zdqj/hit_arterie/,t1_c80u2gp,Don't be shooting into arteries man it can kill you.,xindig0,1358790562.0
c80xu8m,https://www.reddit.com/r/opiates/comments/16zdqj/hit_arterie/,t1_c80u2gp,Why not just shoot into your arms if you've only been shooting 4 weeks?,ixiz0,1358792694.0
c81210w,https://www.reddit.com/r/opiates/comments/16zdqj/hit_arterie/,t1_c80uqi3,"Arterial blood is bright red, venous blood is darker. ",Longtimelurker8379,1358804839.0
c80xt5x,https://www.reddit.com/r/opiates/comments/16zdqj/hit_arterie/,t1_c80x4k8,I only do it when i cant find a vain in my arm but i will kepp that in mind i promise.,SlicedPears,1358792608.0
c80xv32,https://www.reddit.com/r/opiates/comments/16zdqj/hit_arterie/,t1_c80xu8m,sometimes i cant hit it and i get really pissed and i can omost allways hit it if i just stick it in my neck.,SlicedPears,1358792766.0
c812lp7,https://www.reddit.com/r/opiates/comments/16zdqj/hit_arterie/,t1_c80xt5x,seriously? and you only started 4 weeks ago? maybe you should find something else to do,hahagoodluck,1358806555.0
c813aby,https://www.reddit.com/r/opiates/comments/16zdqj/hit_arterie/,t1_c80xt5x,Your seriously better off stabbing around for hours than shooting into an artery dude.,xindig0,1358808622.0
c82go69,https://www.reddit.com/r/opiates/comments/16zdqj/hit_arterie/,t1_c80xt5x,"when i see you (hopefully soon), i will show you how to do it properly and without injuring yourself or resorting to jugging.",mortimernova,1358990757.0
c812mls,https://www.reddit.com/r/opiates/comments/16zdqj/hit_arterie/,t1_c80xv32,i can almost guarantee you are hitting your jugular vein and not your carotid artery,hahagoodluck,1358806632.0
c82hz5i,https://www.reddit.com/r/opiates/comments/16zdqj/hit_arterie/,t1_c82go69,"you int he tampa area?
",SlicedPears,1358994847.0
c82irv8,https://www.reddit.com/r/opiates/comments/16zdqj/hit_arterie/,t1_c82hz5i,yeah bro. i sent you a text like 30 minutes ago. did you get it?,mortimernova,1358997150.0
