c65m6au,https://www.reddit.com/r/opiates/comments/zlbed/top_opiate_songs_again/,t3_zlbed,[Cop Shoot Cop - Spiritualized](http://www.youtube.com/watch?v=ddptzaMXKgc) is a personal favourite to shoot up to.,,1347181121.0
c65lgvf,https://www.reddit.com/r/opiates/comments/zlbed/top_opiate_songs_again/,t3_zlbed,Someone mentioned [Golden Brown](http://www.youtube.com/watch?v=d7R7q1lSZfs) last time... I think this has to be near the top of the list.,with_kilo,1347174637.0
c65lr4z,https://www.reddit.com/r/opiates/comments/zlbed/top_opiate_songs_again/,t3_zlbed,[Tool: H](http://www.youtube.com/watch?NR=1&feature=endscreen&v=ntCcu291N9E),nodz,1347176923.0
c65pmb6,https://www.reddit.com/r/opiates/comments/zlbed/top_opiate_songs_again/,t3_zlbed,[The Velvet Underground- Heroin](http://youtube.com/watch?v=6xcwt9mSbYE&feature=related),aspoonybardisyou,1347208495.0
c65mrm4,https://www.reddit.com/r/opiates/comments/zlbed/top_opiate_songs_again/,t3_zlbed,"Golden brown is good. There she goes by the La's (there she goes, there she goes again, racing through my vein )",nz_h,1347188490.0
c65p8h8,https://www.reddit.com/r/opiates/comments/zlbed/top_opiate_songs_again/,t3_zlbed,Body be relaxed muscles be loose and you have stopped the pain; no more bitching about your day at work and driving in the rain ,group_theory_is_hard,1347206778.0
c65pmp3,https://www.reddit.com/r/opiates/comments/zlbed/top_opiate_songs_again/,t3_zlbed,"Anything by Steely Dan.

""Time Out of Mind"" for instance. Quintessential dope song! They don't even attempt to hide it--ballsy for 1980.",,1347208539.0
c65l6lq,https://www.reddit.com/r/opiates/comments/zlbed/top_opiate_songs_again/,t3_zlbed,"[Codeine](http://www.youtube.com/watch?v=4x61CjvIvZE)  &  [Nod](http://www.youtube.com/watch?v=uGJaCBdq9f0).
",ilove0pana,1347172626.0
c65mi4d,https://www.reddit.com/r/opiates/comments/zlbed/top_opiate_songs_again/,t3_zlbed,"I've got two albums:

-""Above"" by Mad Season 

-""Thirteenth Step"" by A Perfect Circle.

Unless you just want a song with the word ""heroin"" in it. Then I cannot help you, because I do not care.",gabrys666,1347184996.0
c65o524,https://www.reddit.com/r/opiates/comments/zlbed/top_opiate_songs_again/,t3_zlbed,Judy Staring at The Sun - Catherine Wheel,war3rd,1347201116.0
c65q3wr,https://www.reddit.com/r/opiates/comments/zlbed/top_opiate_songs_again/,t3_zlbed,"Go good with a nod ? probably not but it's a dope song.

[Ministry - Just one fix](https://www.youtube.com/watch?v=wbXciBKcfQ8)",,1347210570.0
c65sm65,https://www.reddit.com/r/opiates/comments/zlbed/top_opiate_songs_again/,t3_zlbed,"The Weeknd all day, only thing I'd listen to.
[The Knowing](http://m.youtube.com/#/watch?v=kjen9isGAOE&amp;desktop_uri=%2Fwatch%3Fv%3Dkjen9isGAOE&amp;gl=US)
[Gone](http://m.youtube.com/#/watch?v=TmVGihY7d9I&amp;desktop_uri=%2Fwatch%3Fv%3DTmVGihY7d9I&amp;gl=US)
Edit: just listen to all of House of Balloons. The morning and wicked games with hook you.",PlatinumPanda,1347220851.0
c663xy3,https://www.reddit.com/r/opiates/comments/zlbed/top_opiate_songs_again/,t3_zlbed,"Isis is badass. Ive only heard the Panopticon and Oceanic albums, but they're both excellent to nod to. This morning I'm enjoying [this song](http://www.youtube.com/watch?v=6Qz8e7pgy_Y), dropped the plunger at about the 3:00 mark, it's just an amazing track

[Panopticon: full album](http://www.youtube.com/watch?v=MDSKoKVfJXo)

[Oceanic: full album](http://www.youtube.com/watch?v=a4EUj8Vf8K4)",highgih,1347283836.0
c66o6ts,https://www.reddit.com/r/opiates/comments/zlbed/top_opiate_songs_again/,t3_zlbed,[Z-Ro - I can't Leave Drank Alone](http://www.youtube.com/watch?v=b2Nu8RVhpwY),M0T0BACKhand,1347383321.0
c65sfuk,https://www.reddit.com/r/opiates/comments/zlbed/top_opiate_songs_again/,t3_zlbed,Whoop's I Od'd - NOFX,dickseverywhere444,1347220145.0
c65n1nr,https://www.reddit.com/r/opiates/comments/zlbed/top_opiate_songs_again/,t3_zlbed,[Red / Green by the Big Boys](http://www.youtube.com/watch?v=Bk49TBS27KY) ,Dick_Delicious,1347191979.0
c65o4qb,https://www.reddit.com/r/opiates/comments/zlbed/top_opiate_songs_again/,t3_zlbed,"I feel like dying was my rehab song lol, it's nice to throw it on while I'm nodding and enjoy the better times. ",,1347201062.0
c65tui7,https://www.reddit.com/r/opiates/comments/zlbed/top_opiate_songs_again/,t3_zlbed,"jesus Doin' Heroin-Flaming Lips
Needle and The Hay-Elliott Smith
New Monkey-Elliott Smith
Red Balloon-Tim Hardin
Signed DC-Love

",bloodclot,1347225956.0
c668wbz,https://www.reddit.com/r/opiates/comments/zlbed/top_opiate_songs_again/,t3_zlbed,OxyContin lil wyte  anything by the weeknd or the adventure club ,Donstatus,1347305103.0
c66h80b,https://www.reddit.com/r/opiates/comments/zlbed/top_opiate_songs_again/,t3_zlbed,"[Porcelain - RHCP](http://www.youtube.com/watch?v=gOswLpX8gPM)

Just listen to the lyrics. It'll get ya",Br0piate,1347339417.0
c66hccb,https://www.reddit.com/r/opiates/comments/zlbed/top_opiate_songs_again/,t3_zlbed,"* [Super Numeri - The Electric Horse Garden](http://wwwhttp://www.youtube.com/watch?v=YzhRS_te8gw)
* [Flying Lotus - Fall In Love](http://http://www.youtube.com/watch?v=3KEpb4UaAr8)
* [Paris Zax - The Blue Eye Ear](http://www.youtube.com/watch?v=8BWVVNUcJTw)
* [A Winged Victory for the Sullen - A Symphony Pathetique](http://www.http://www.youtube.com/watch?v=uNkWfiFWKuE)  ",DWF_Fish,1347340015.0
c66hywq,https://www.reddit.com/r/opiates/comments/zlbed/top_opiate_songs_again/,t3_zlbed,"NECRO - I need drugs

EOT.",joeyjoejoejoe215,1347343425.0
c66qfns,https://www.reddit.com/r/opiates/comments/zlbed/top_opiate_songs_again/,t3_zlbed,I AM TOOL,tool322,1347391589.0
c66qllr,https://www.reddit.com/r/opiates/comments/zlbed/top_opiate_songs_again/,t3_zlbed,"[Dirt Nasty - Back to the Pharmacy](http://www.youtube.com/watch?v=VTgvPfpNdPw)

also

[Indo G - Purple Drank](http://www.youtube.com/watch?v=skdq3QtevNw)",,1347392161.0
c694lmd,https://www.reddit.com/r/opiates/comments/zlbed/top_opiate_songs_again/,t3_zlbed,wet sand- RHCP,cwavrek,1347836966.0
c6dwwt7,https://www.reddit.com/r/opiates/comments/zlbed/top_opiate_songs_again/,t3_zlbed,#1 dope song of all time = dead flowers... dont matter if its townes van zandt or the stones.,LooReed,1348699320.0
c65lhrp,https://www.reddit.com/r/opiates/comments/zlbed/top_opiate_songs_again/,t3_zlbed,You've referred to Lil Wayne as capable of producing any kind of music worthy of a top list (even in this subreddit)? Despicable. ,efarfan,1347174824.0
c65r40r,https://www.reddit.com/r/opiates/comments/zlbed/top_opiate_songs_again/,t1_c65m6au,"To be more specific, pushing the plunger down right right at about 2:12 seconds in when the track fades out and timing it with an opiate rush is kind of perfect and coincides with a jazzy as fuck piano four semitone up chord that ends right on ""Hey man there's a hole in my arm where all the money goes."" So the beginning's perfect, not to mention the fucking insanity from like 7:00-12:00. I don't know really, it's a fucking incredible song by itself but within the context of using opiates it kind of hits another sinister/gorgeous/fuck yeah level that can't be understood while sober.",,1347214744.0
c65o2fm,https://www.reddit.com/r/opiates/comments/zlbed/top_opiate_songs_again/,t1_c65lr4z,The entire Aenima CD is amazing when on opiates.  I used to lay around and listen to that album for hours when I was high.,,1347200678.0
c66qfk6,https://www.reddit.com/r/opiates/comments/zlbed/top_opiate_songs_again/,t1_c65lr4z,tool,tool322,1347391579.0
c65to1o,https://www.reddit.com/r/opiates/comments/zlbed/top_opiate_songs_again/,t1_c65lr4z,"Also [Tool - Opiate](http://www.youtube.com/watch?v=3sPIU60tFNY), though it has nothing to do with opiates. It instead deals with religion.",,1347225212.0
c65y0jw,https://www.reddit.com/r/opiates/comments/zlbed/top_opiate_songs_again/,t1_c65lr4z,"Believe it or not, the song ""H"" is actually about Maynard's son (his middle name starts with an H), although you can definitely get addiction out of the lyrics. But, as with any Tool song, the lyrics are ""open for interpretation"", as Maynard has said.",,1347243552.0
c65touy,https://www.reddit.com/r/opiates/comments/zlbed/top_opiate_songs_again/,t1_c65sm65,[deleted],,1347225306.0
c66o8ds,https://www.reddit.com/r/opiates/comments/zlbed/top_opiate_songs_again/,t1_c65sm65,the weeknd is the best for practically any non-stimulant. way addicting,M0T0BACKhand,1347383486.0
c66t3tz,https://www.reddit.com/r/opiates/comments/zlbed/top_opiate_songs_again/,t1_c66o6ts,"Yes motherfucker lil o wrecked it.

Straight drank fiend.",C17H21NO3,1347401451.0
c694lh6,https://www.reddit.com/r/opiates/comments/zlbed/top_opiate_songs_again/,t1_c66h80b,its one of the most beautiful songs i've ever heard,cwavrek,1347836950.0
c65lp8y,https://www.reddit.com/r/opiates/comments/zlbed/top_opiate_songs_again/,t1_c65lhrp,"Sorry, I actually like that song - ha.

Probably the only one.",C17H21NO3,1347176472.0
c65sycl,https://www.reddit.com/r/opiates/comments/zlbed/top_opiate_songs_again/,t1_c65lhrp,"Maybe I'm just too old to appreciate lil Wayne's, erm... ""talent,"" but lol ya.",,1347222221.0
c65s6ve,https://www.reddit.com/r/opiates/comments/zlbed/top_opiate_songs_again/,t1_c65r40r,best.,,1347219133.0
c65y1g2,https://www.reddit.com/r/opiates/comments/zlbed/top_opiate_songs_again/,t1_c65o2fm,Stinkfist is my favorite song on Aenema. Creative to use anal fisting as a metaphor for an addiction. :D,,1347243648.0
c65qssz,https://www.reddit.com/r/opiates/comments/zlbed/top_opiate_songs_again/,t1_c65o2fm,I am listening to the song Aenima right now!,nodz,1347213459.0
c660lbm,https://www.reddit.com/r/opiates/comments/zlbed/top_opiate_songs_again/,t1_c65to1o,"Also a good one. If we're just going to start going with good tool songs though, might as well add [Aenima](http://www.youtube.com/watch?v=uCEeAn6_QJo)",nodz,1347255056.0
c660kwq,https://www.reddit.com/r/opiates/comments/zlbed/top_opiate_songs_again/,t1_c65y0jw,I read that on wikipedia too. Definitely discusses a habit that drains your soul.,nodz,1347255000.0
c65u3lk,https://www.reddit.com/r/opiates/comments/zlbed/top_opiate_songs_again/,t1_c65touy,"Hell yea man, now when I listen to it it bring back all the great memories of opiates and none of the much more vast bad ones. So yea, I religiously blare Abel in my car.",PlatinumPanda,1347227014.0
c66h7ye,https://www.reddit.com/r/opiates/comments/zlbed/top_opiate_songs_again/,t1_c65lp8y,Check out the flying lotus remix (10x better): http://www.youtube.com/watch?v=P0p66pYJ5ZU,DWF_Fish,1347339410.0
