dkcvoes,https://www.reddit.com/r/opiates/comments/6nw0wz/i_need_friends_hello_im_steve_anyone_out_there/,t3_6nw0wz,In a similar position with my girl man. She uses every now an then but just dosent seem to ever get into like I do. ,Thankkratom,1500335733.0
dkcsdre,https://www.reddit.com/r/opiates/comments/6nw0wz/i_need_friends_hello_im_steve_anyone_out_there/,t3_6nw0wz,"Aye that's my kind of welcome 
Always feels like I'm fighting for a friend so I'm glad you guys and ladies know the struggle",stevenjpwhite08,1500331665.0
dkd12jh,https://www.reddit.com/r/opiates/comments/6nw0wz/i_need_friends_hello_im_steve_anyone_out_there/,t3_6nw0wz,[deleted],,1500342556.0
dkd1mnr,https://www.reddit.com/r/opiates/comments/6nw0wz/i_need_friends_hello_im_steve_anyone_out_there/,t3_6nw0wz,[deleted],,1500343260.0
dkd964f,https://www.reddit.com/r/opiates/comments/6nw0wz/i_need_friends_hello_im_steve_anyone_out_there/,t3_6nw0wz,Not really much I can say except there was always a change in the sexual mood when I started iving vs sniffing. Hell I used to sniff it off her N she knew what it was before the spike habit. Bit there's just an ugly connotation towards using period so I'd say if she cuts back you should at least show her you tried to cut back too. If your as luck as I am to have live while in the dope lifestyle than you'll know shes rare especially as a user. I don't wish my girl to use ever but curiosity has already killed the cat in my thoughts hundreds of times. Even drempt of dosing her I. Her sleep when she really got on me but I'm rambling ...Lol peace hope you can understand,stevenjpwhite08,1500353835.0
dkdi07z,https://www.reddit.com/r/opiates/comments/6nw0wz/i_need_friends_hello_im_steve_anyone_out_there/,t3_6nw0wz,"$
same boat. been feeling lonlier than ever. my bf has no clue but has been accusing lately. just want a dboy bff who got opana irs as well and we kick it together and i contribute to our party, play video hames chill be flirty without any worries of bein heft out to w/d and blown off 

edit// my current dboy has me as his puppet girl and basically isnt holding to his end of our daddy and pet agreement",AmethystReign,1500375547.0
dkduw4l,https://www.reddit.com/r/opiates/comments/6nw0wz/i_need_friends_hello_im_steve_anyone_out_there/,t3_6nw0wz,Damn that sucks and sounds horrible have you told him? And you can always find Friends even if it's someone like me just to video chat N make sure you don't od,stevenjpwhite08,1500393787.0
dkcnk68,https://www.reddit.com/r/opiates/comments/6nw0wz/i_need_friends_hello_im_steve_anyone_out_there/,t3_6nw0wz,What's up Steve. Welcome to the sub,chasing-d0pamine,1500326092.0
dkcny8o,https://www.reddit.com/r/opiates/comments/6nw0wz/i_need_friends_hello_im_steve_anyone_out_there/,t3_6nw0wz,Well I'm doing ok I guess. Got locked up last weeked and today it's meeting up with my lawyer. I'm with my mom too ughghggh love this woman tho.  But damn I'm sick at themoment how u holding up?,stevenjpwhite08,1500326523.0
dkcp4hh,https://www.reddit.com/r/opiates/comments/6nw0wz/i_need_friends_hello_im_steve_anyone_out_there/,t3_6nw0wz,"hi steve! welcome steve! 

feel like i should offer up some kool aid... ",Newaccountsamefag,1500327848.0
dkcsbqs,https://www.reddit.com/r/opiates/comments/6nw0wz/i_need_friends_hello_im_steve_anyone_out_there/,t3_6nw0wz,Well possession unfortunately and only because I was kirked cuz my boss sent me home early last Friday for no reason because I was acting(weird) so I ended up picked up by police who thought I was going to jump off a parking garage...  ,stevenjpwhite08,1500331600.0
dkd1chv,https://www.reddit.com/r/opiates/comments/6nw0wz/i_need_friends_hello_im_steve_anyone_out_there/,t1_dkd12jh,Eh fuck man. I feel like one month is harder to quit versus 6 years in. You haven't seen shit after a month. Hindsights always 20/20.. try getting her on subs or something? But damn... good luck man. ,freefarts,1500342911.0
dkd1gzk,https://www.reddit.com/r/opiates/comments/6nw0wz/i_need_friends_hello_im_steve_anyone_out_there/,t1_dkd12jh,"Man there isn't a lot you can do. Ultimately it's gotta be up to her to stop. As much as i wish there was a guide I could give you on how to get your friend to stop using heroin such a pamphlet doesn't exist. 

All I can say is be supportive but not enabling. Meaning give her rides to work or meetings but not to trap houses. If she asks for money, buy her groceries but don't actually give her cash. 

It's going to be hard but the decision to quit needs to be hers ",VegetableRapist,1500343065.0
dkmedgu,https://www.reddit.com/r/opiates/comments/6nw0wz/i_need_friends_hello_im_steve_anyone_out_there/,t1_dkd1mnr,A repeat sounds exhausting I'm not going to lie,stevenjpwhite08,1500846127.0
dkmea2i,https://www.reddit.com/r/opiates/comments/6nw0wz/i_need_friends_hello_im_steve_anyone_out_there/,t1_dkdi07z,Anything new with you?,stevenjpwhite08,1500846009.0
dkcnluy,https://www.reddit.com/r/opiates/comments/6nw0wz/i_need_friends_hello_im_steve_anyone_out_there/,t1_dkcnk68,Sup g or miss g I didn't realize you were a wman lol,stevenjpwhite08,1500326142.0
dkco9fv,https://www.reddit.com/r/opiates/comments/6nw0wz/i_need_friends_hello_im_steve_anyone_out_there/,t1_dkcny8o,What'd you get locked up for if you don't mind me asking? ,Turdfart44,1500326867.0
dkcpiqx,https://www.reddit.com/r/opiates/comments/6nw0wz/i_need_friends_hello_im_steve_anyone_out_there/,t1_dkcny8o,"I'm not sure if you meant to reply to my comment with this, so I'll respond anyway. 

Why were you locked up? I'm glad you're with your mom. I'm enjoying my time with mine and I love her as well. I'm sorry you're sick man! I'm holding up well today :)",chasing-d0pamine,1500328313.0
dkd8phh,https://www.reddit.com/r/opiates/comments/6nw0wz/i_need_friends_hello_im_steve_anyone_out_there/,t1_dkd1chv,Ask her to look at this sub & like 20 of us will tell her the true ending of using needles . No bullshit . We'll teach her exactly what's going to happen if she keeps going .. it's not gunna be pretty but I'm the dope game nothing is pretty . I'm sure if she just started there's some hope to scare her to throwing all her rigs out & going back I sniffing or just go on subs or sum thing like that üíØüëç. Gotta have faith !,Mr_dope97,1500353026.0
dkcnoq1,https://www.reddit.com/r/opiates/comments/6nw0wz/i_need_friends_hello_im_steve_anyone_out_there/,t1_dkcnluy,Not much. Hanging out with my mom today. How's it goin?,chasing-d0pamine,1500326231.0
dkd9lbi,https://www.reddit.com/r/opiates/comments/6nw0wz/i_need_friends_hello_im_steve_anyone_out_there/,t1_dkd8phh,True that. I personally would be too hard headed to listen to some idiot who can't handle his shit though. Because I can handle my shit all day. I'm not dumb enough to get addic- ah fuck. Where'd my money go? ,freefarts,1500354606.0
