e5hnra2,https://i.redd.it/7cpigwt3xlk11.jpg,t3_9dhqm1,Definitely pressed ;) ,PlatinumTower,1536236301.0
e5hya04,https://i.redd.it/7cpigwt3xlk11.jpg,t3_9dhqm1,Shoot into oblivion,HolyGhost2305,1536246802.0
e5i7md2,https://i.redd.it/7cpigwt3xlk11.jpg,t3_9dhqm1,"Ehhhhh, I dunno about this one. Someone reported this and said it was really offensive to those who have lost someone to an OD. I'm going to remove this until the other mods weigh in. u/fashionablyfake u/chasingd0pamine",spinderella69,1536254610.0
e5hodr3,https://i.redd.it/7cpigwt3xlk11.jpg,t1_e5hnra2,Impressed,MMABENNYJ,1536237104.0
e5i4mdw,https://i.redd.it/7cpigwt3xlk11.jpg,t1_e5hnra2,"Those pressies actually seem well made, excepting the colour. The giveaway is the colour tone. Real 80's are not that dark.",thelarustatrust,1536252161.0
e5i815e,https://i.redd.it/7cpigwt3xlk11.jpg,t1_e5i7md2,"I've lost many people to ODs as well, including my fiance. I don't find this offensive. Granted, I'm only one person, and if others think it is then we should remove it. But personally I don't think it is. ",FashionablyFake,1536254950.0
e5i7van,https://i.redd.it/7cpigwt3xlk11.jpg,t1_e5i7md2,I've lost many friends to an OD and I thought it was funny.  They would have too.  It's not making fun of overdosing tbh,DankRecovery,1536254818.0
e5iihwj,https://i.redd.it/7cpigwt3xlk11.jpg,t1_e5i7md2,Huh wtf is offensive about this??,chasingd0pamine,1536263700.0
e5ibfvg,https://i.redd.it/7cpigwt3xlk11.jpg,t1_e5i815e,"I wasn't offended by it myself, but someone was. Your call, what do you think?",spinderella69,1536257792.0
e5iiygy,https://i.redd.it/7cpigwt3xlk11.jpg,t1_e5iihwj,"I dunno, lol.",spinderella69,1536264078.0
e5ih0fm,https://i.redd.it/7cpigwt3xlk11.jpg,t1_e5ibfvg,"I respect whatever yall want to do, honestly imo the pill and drug porn is the same difference to me",DankRecovery,1536262482.0
e5j46rm,https://i.redd.it/7cpigwt3xlk11.jpg,t1_e5ibfvg,I'd allow it. ,FashionablyFake,1536283887.0
e5hnra2,https://i.redd.it/7cpigwt3xlk11.jpg,t3_9dhqm1,Definitely pressed ;) ,,1536236301.0
