ejp25ct,https://i.redd.it/2eynbwqjb4p21.jpg,t3_b72avv,"Man oh man how I miss those T-189â€™s 
I havenâ€™t came across them in a while.
Enjoy and happy NodZ!",BirdGangPhilly215,1553899997.0
ejp6uzd,https://i.redd.it/2eynbwqjb4p21.jpg,t3_b72avv,love that R ;),FBGMerk4,1553903755.0
ejpbhda,https://i.redd.it/2eynbwqjb4p21.jpg,t3_b72avv,"Nice stash, but I'm lazy...what are the I2's? I obviously know the 30' and the xanax, but never seen those red tabs before.",JustGlassin89,1553907545.0
ejphucd,https://i.redd.it/2eynbwqjb4p21.jpg,t3_b72avv,how tf did u get a screenshot of my wet dreams!?,Dilly-dallier,1553912881.0
ejpjvfs,https://i.redd.it/2eynbwqjb4p21.jpg,t3_b72avv,arnt the I2 ibproffen? lol,Sigma2RD,1553914650.0
ejp2b15,https://i.redd.it/2eynbwqjb4p21.jpg,t1_ejp25ct,Thanks!! I get them every month luckily. I used to not care for them but i really like them now because its guarenteed real every month so thats nice lol :),mrsjohnson87,1553900122.0
ejp738z,https://i.redd.it/2eynbwqjb4p21.jpg,t1_ejp6uzd,We get them for free from my friend who doesnt take them :) We just take them if we cant find any oxy lol,mrsjohnson87,1553903937.0
ejpe13v,https://i.redd.it/2eynbwqjb4p21.jpg,t1_ejpbhda,I2 is pure ibuprofinğŸ˜‚,hungassbrenden,1553909629.0
ejpwm2y,https://i.redd.it/2eynbwqjb4p21.jpg,t1_ejpbhda,"Its just some non narcotic my friend gave me to try thats supposed to help with insomnia, anxiety, muscle spasms etc",mrsjohnson87,1553929032.0
ejpwknk,https://i.redd.it/2eynbwqjb4p21.jpg,t1_ejphucd,ğŸ˜ğŸ˜,mrsjohnson87,1553928971.0
ejpwk6i,https://i.redd.it/2eynbwqjb4p21.jpg,t1_ejpjvfs,"Lol i thought so at first. My friend gave them to me to try lol. Its a non narcotic pill thats supposed to help with insomnia, anxiety, muscle spasms etc. ",mrsjohnson87,1553928953.0
ejp2p2o,https://i.redd.it/2eynbwqjb4p21.jpg,t1_ejp2b15,Lucky lol enjoy brother ,BirdGangPhilly215,1553900429.0
ejpa0ui,https://i.redd.it/2eynbwqjb4p21.jpg,t1_ejp738z,"Nice!!! What substance are they actually? I actually meant I love seeing that R lol the brand I love it, no matter the substance ",FBGMerk4,1553906335.0
ejphpop,https://i.redd.it/2eynbwqjb4p21.jpg,t1_ejpe13v,"ğŸ¤¦â€â™‚ï¸

Fucking hell, no wonder. That's funny that OP included them in the pic, like it was some dope shit I've never seen before.

Fucking I-B-U-fucking-profen. ğŸ’ŠğŸ˜ªğŸ¤˜",JustGlassin89,1553912767.0
ejpwqtk,https://i.redd.it/2eynbwqjb4p21.jpg,t1_ejpe13v,"I thought so too but its not lol my friend gave me them to try when i dont have any oxy. Its for insomnia, muscle spasms, anxiety etc and not a controlled substance",mrsjohnson87,1553929237.0
ejqom7c,https://i.redd.it/2eynbwqjb4p21.jpg,t1_ejpwm2y,"I was going to say lol. Regardless I thought it was funny like you flexed some Ibuprofen with your Oxy lol. 

",JustGlassin89,1553961896.0
ejqojfy,https://i.redd.it/2eynbwqjb4p21.jpg,t1_ejpwk6i,did you try one?,Sigma2RD,1553961846.0
ejp2vy3,https://i.redd.it/2eynbwqjb4p21.jpg,t1_ejp2p2o,Im a sister but thanks haha ğŸ˜ğŸ˜,mrsjohnson87,1553900583.0
ejpa99f,https://i.redd.it/2eynbwqjb4p21.jpg,t1_ejpa0ui,Xanax,mrsjohnson87,1553906527.0
ejpww8f,https://i.redd.it/2eynbwqjb4p21.jpg,t1_ejphpop,"Haha i thought it was ibuprofen too and thought my friend was crazy haha i had to google it. Ibuprofen has a dash between the i and 2. Its for insomnia, muscle spasms, anxiety but its not a controlled substance. She wants me to try it when i cant find any oxy :)",mrsjohnson87,1553929477.0
ejqp1uk,https://i.redd.it/2eynbwqjb4p21.jpg,t1_ejqom7c,ğŸ˜‚ğŸ˜‚ i might have throw in some and some tylenols next time i post a pic. Maybe just leave the oxy out all together lol,mrsjohnson87,1553962188.0
ejqowpv,https://i.redd.it/2eynbwqjb4p21.jpg,t1_ejqojfy,No not yet im just gonna try one when i cant find any oxy. So i hope i dont have to try one lol ,mrsjohnson87,1553962094.0
ejpepou,https://i.redd.it/2eynbwqjb4p21.jpg,t1_ejp2vy3,Username checks out,Myeyezareuphere,1553910201.0
ejp5t4e,https://i.redd.it/2eynbwqjb4p21.jpg,t1_ejp2vy3,ğŸ˜‚ğŸ˜€ğŸ‘ğŸ¼,BirdGangPhilly215,1553902915.0
ejpaspj,https://i.redd.it/2eynbwqjb4p21.jpg,t1_ejpa99f,oof niceeee haven't had xanax in forever just designer benzos got some flualp rn just took about 1mg give or take .2mg about to double up,FBGMerk4,1553906975.0
ejqp51a,https://i.redd.it/2eynbwqjb4p21.jpg,t1_ejqp1uk,Haha that would be funny. Casually add more tylenol each post and slowly take away all the opiates one by one until it's just a picture of tylenol lol.,JustGlassin89,1553962247.0
ejqp7g1,https://i.redd.it/2eynbwqjb4p21.jpg,t1_ejqp51a,Ur funny af haha ğŸ˜‚ğŸ˜‚ğŸ˜‚ cracking me up!!,mrsjohnson87,1553962292.0
ejqrcim,https://i.redd.it/2eynbwqjb4p21.jpg,t1_ejqp7g1,Glad I can brighten your morning! Lol,JustGlassin89,1553963739.0
ejwvkzm,https://i.redd.it/2eynbwqjb4p21.jpg,t1_ejqowpv,I hope you don't have to either then lol. good luck.,Sigma2RD,1554163586.0
ejwvnx2,https://i.redd.it/2eynbwqjb4p21.jpg,t1_ejwvkzm,Thanks!!!ğŸ˜€ğŸ˜€,mrsjohnson87,1554163648.0
