djgks2k,https://www.reddit.com/r/opiates/comments/6js27p/how_much_should_i_rent_out_a_traphouse_for/,t3_6js27p,"They won't pay you anything, they will destroy the house, if anything is found there you will be charged and they walk away laughing. Not sure it's worth Â£50 a day they won't pay you once they get into the house.",RaouldDuke,1498566003.0
djgnbz4,https://www.reddit.com/r/opiates/comments/6js27p/how_much_should_i_rent_out_a_traphouse_for/,t3_6js27p,This is a horrible idea,OxyCaughtIn,1498569849.0
djgkc07,https://www.reddit.com/r/opiates/comments/6js27p/how_much_should_i_rent_out_a_traphouse_for/,t3_6js27p,15% of daily sales. More traffic. More risk. More profit.,theyoungtrump,1498565250.0
djgjw8k,https://www.reddit.com/r/opiates/comments/6js27p/how_much_should_i_rent_out_a_traphouse_for/,t3_6js27p,what are you even asking...? ,uber-everywhere,1498564440.0
djgk6zd,https://www.reddit.com/r/opiates/comments/6js27p/how_much_should_i_rent_out_a_traphouse_for/,t3_6js27p,LMAO ,mockassin,1498565000.0
djhic7c,https://www.reddit.com/r/opiates/comments/6js27p/how_much_should_i_rent_out_a_traphouse_for/,t3_6js27p,"Lmfaooo wish I had a trap to chill in smoke my weed 
But still not a good idea the only people in the market for that are junkies and drug dealers which won't pay rent lol ",noel420,1498604431.0
djgryz6,https://www.reddit.com/r/opiates/comments/6js27p/how_much_should_i_rent_out_a_traphouse_for/,t3_6js27p,"r/opiatescirclejerk ??? 

On the off chance you're not joking, this is dumb!! You trying to rent it to trap yourself? Or you mean rent out a property to a drug dealer for them to? Both are dumb! Just don't. ",chasing-d0pamine,1498575572.0
djgk6bf,https://www.reddit.com/r/opiates/comments/6js27p/how_much_should_i_rent_out_a_traphouse_for/,t1_djgjw8k,I'm not ever sure I'm still deciding what do you think would be good ? I'm thinking 50quid a day considering the risks ,Scarface322,1498564965.0
djglzik,https://www.reddit.com/r/opiates/comments/6js27p/how_much_should_i_rent_out_a_traphouse_for/,t1_djgk6bf, How fucking high are you?,uber-everywhere,1498567905.0
djgkmcw,https://www.reddit.com/r/opiates/comments/6js27p/how_much_should_i_rent_out_a_traphouse_for/,t1_djgk6bf,....................................................................,PablaEscobar,1498565747.0
