dmhd3pc,https://www.reddit.com/r/opiates/comments/6xovrs/cutting_out_the_middleman/,t3_6xovrs,THEYRE TAKIN ERRRR JAWBZ!,OlDirtyBurton,1504385482.0
dmhlp9f,https://www.reddit.com/r/opiates/comments/6xovrs/cutting_out_the_middleman/,t3_6xovrs,"getting a main plug is rare in some parts.  

lucky man.",ki11a,1504397270.0
dqnesdc,https://www.reddit.com/r/opiates/comments/6xovrs/cutting_out_the_middleman/,t3_6xovrs,"Getting the plug is great and all but if you got a trustworthy middleman who does all the leg work for a reasonable price that's just as good if not better.  I used to middle but it's just worth the risk at least IMO

",Jason4hees,1512202479.0
dmhd6fz,https://www.reddit.com/r/opiates/comments/6xovrs/cutting_out_the_middleman/,t3_6xovrs,"My day is going good. deciding whether or not i should swipe a few of my dads perk fives....

We should have a r/ShittyPillPorn Sub.",OlDirtyBurton,1504385573.0
dmhe740,https://www.reddit.com/r/opiates/comments/6xovrs/cutting_out_the_middleman/,t1_dmhd3pc,DERRR TKN R JERBSSSS,Scarred4lyfefromthis,1504386853.0
dmi0c39,https://www.reddit.com/r/opiates/comments/6xovrs/cutting_out_the_middleman/,t1_dmhlp9f,He did short me tho and said that it was my friends idea and they planned it and split the money  friend of course denies it. I'd love to believe my friend. He's never done any fuck shit like this to me before and I've let him walk with my cash a bunch of times and he's never fucked me over. Wasn't even my money for the bars. Was a rich guys who fronted it to me. A rich fellow who doesn't think anything of fronting me a thousand dollars. Tried to explain to all involved that this guy would want me to get him an ounce of ice and a minimum of 100 bars every week and throws in an extra $250 for my trouble. He needs the drugs for his gay BDSM lifestyle. Told my friend I'd split profit with him. Really hope he didn't fuck this good thing up it's such way easy money. It's his plug saying my friend schemed to short me and rip me off. If my friend did rip me off my vengeance will be terrible to behold. I might even go his parents all concerned that hes using again and set up an intervention. Jk lmao I couldn't tell on someone as funny as that'd be. I'd just beat the living shit out of him. He's sworn he will replace what was short in the next day or two. We shall see.  ,OpiLobster,1504422136.0
dmhejw5,https://www.reddit.com/r/opiates/comments/6xovrs/cutting_out_the_middleman/,t1_dmhd6fz,"Nah bro don't go back down this shitty road. You know where it leads. 
I just did another speedball. Feelin like superman. I fucked myself up tho. I was chipping a while and had my tolerance really low but I screwed up yet again. ",OpiLobster,1504387327.0
dmheiwq,https://www.reddit.com/r/opiates/comments/6xovrs/cutting_out_the_middleman/,t1_dmhe740,This is gay.... everybody back in the pile.,mwebber242,1504387289.0
dmheg5r,https://www.reddit.com/r/opiates/comments/6xovrs/cutting_out_the_middleman/,t1_dmhe740,RABBLE RABBLE RABBLE!,OlDirtyBurton,1504387187.0
dmhekzr,https://www.reddit.com/r/opiates/comments/6xovrs/cutting_out_the_middleman/,t1_dmhejw5,"Hey babe, it's Chippy D, wuddup wuddup.",ThaChippa,1504387366.0
dmi0t4e,https://www.reddit.com/r/opiates/comments/6xovrs/cutting_out_the_middleman/,t1_dmhekzr,"Heh hey hey. I've found my cycle of use is chip for a decent bit then start using a small bit daily alternating between a small bit of dope one day and a small bit of sub the next but the amounts slowly increase. Then I go on a binge of h and usually coke followed by a quick sub taper and like 2 or 3 weeks of using Xanax with no opiates and then back to chipping. As soon as I'm back to chipping I say ""and this time I'll chip successfully"". It's the definition of insanity. ",OpiLobster,1504423394.0
