d4205b4,https://www.reddit.com/r/opiates/comments/4n9k9n/last_night_i_shot_up_for_the_first_time/,t3_4n9k9n,[deleted],,1465454241.0
d41zw4r,https://www.reddit.com/r/opiates/comments/4n9k9n/last_night_i_shot_up_for_the_first_time/,t3_4n9k9n,"""Simply refuse to get addicted"". That's not how it works, my man.",DopeyOpi92,1465453516.0
d420aco,https://www.reddit.com/r/opiates/comments/4n9k9n/last_night_i_shot_up_for_the_first_time/,t3_4n9k9n,"""I Refuse""...that would be an awesome stamp.",chilltownb,1465454653.0
d422ele,https://www.reddit.com/r/opiates/comments/4n9k9n/last_night_i_shot_up_for_the_first_time/,t3_4n9k9n,I love your humor ðŸ˜Š good luck in your addiction man ,Frostbittenkitty,1465461705.0
d420d2n,https://www.reddit.com/r/opiates/comments/4n9k9n/last_night_i_shot_up_for_the_first_time/,t3_4n9k9n,Yeah I refuse to get addicted too man. I choose to spend 40-100 a day on dope. ,,1465454879.0
d4219yn,https://www.reddit.com/r/opiates/comments/4n9k9n/last_night_i_shot_up_for_the_first_time/,t3_4n9k9n,Hilarious!,,1465457749.0
d421bxi,https://www.reddit.com/r/opiates/comments/4n9k9n/last_night_i_shot_up_for_the_first_time/,t3_4n9k9n,It's ok he refuses to become an addict..  Just shoot some dope my man.  Sounds very new to opiates and went straight to shooting. ,Toohigh2care,1465457933.0
d4278ly,https://www.reddit.com/r/opiates/comments/4n9k9n/last_night_i_shot_up_for_the_first_time/,t3_4n9k9n,"Lmao.  What in the fuck is up with all these people thinking they actually have a fucking choice if they get addicted or not?  You just fucking injected heroin into your veins.  It's not like you're taking a few percosets.  This shit is getting infuriating now.

""Don't worry, can't get addicted cause I have no money!""

""I don't plan on getting addicted!""

""I don't have an addictive personality""

I mean, it's like every other post.  Did they make this a default sub or something?  I'm glad people are here getting information and all but damn, just seems like a LOT of opiate naivete lately.  Also, a fair bit of faking too.
",Officer_Coldhonkey,1465476281.0
d4200np,https://www.reddit.com/r/opiates/comments/4n9k9n/last_night_i_shot_up_for_the_first_time/,t3_4n9k9n,"You refuse to get addicted? Good luck with that. We ALL refused to get addicted, too. ",FashionablyFake,1465453863.0
d420fem,https://www.reddit.com/r/opiates/comments/4n9k9n/last_night_i_shot_up_for_the_first_time/,t3_4n9k9n,"So so soooo many posts like this, lately. Ugh.",treveera,1465455078.0
d423cjb,https://www.reddit.com/r/opiates/comments/4n9k9n/last_night_i_shot_up_for_the_first_time/,t3_4n9k9n,i **STILL** refuse to get addicted. but i dont think its up to me anymore.,Masochist-pillowtalk,1465465280.0
d420c0h,https://www.reddit.com/r/opiates/comments/4n9k9n/last_night_i_shot_up_for_the_first_time/,t1_d4205b4,I know. this sub appears to be the hottest thing on the block lately!,ruhicuziam,1465454792.0
d422cta,https://www.reddit.com/r/opiates/comments/4n9k9n/last_night_i_shot_up_for_the_first_time/,t1_d4205b4,Yes yes yes so much yes ,Frostbittenkitty,1465461528.0
d420dgu,https://www.reddit.com/r/opiates/comments/4n9k9n/last_night_i_shot_up_for_the_first_time/,t1_d420aco,"Had stamps that said ""get clean"".",,1465454913.0
d4264s4,https://www.reddit.com/r/opiates/comments/4n9k9n/last_night_i_shot_up_for_the_first_time/,t1_d420fem,Went right over your head,DopeSix,1465473813.0
d420hxo,https://www.reddit.com/r/opiates/comments/4n9k9n/last_night_i_shot_up_for_the_first_time/,t1_d420dgu,I like when dealers look out for us.,chilltownb,1465455298.0
d420l2y,https://www.reddit.com/r/opiates/comments/4n9k9n/last_night_i_shot_up_for_the_first_time/,t1_d420hxo,"I remember it so clearly because he had three stamps, the get clean, ""death wish"" and ""???""(literally just three ?s).

He ask me too chose.. I said I guess 4 of each because all of those scare me in a different way.",,1465455556.0
d4214v7,https://www.reddit.com/r/opiates/comments/4n9k9n/last_night_i_shot_up_for_the_first_time/,t1_d420l2y,"Funny shit. I remember my dude had ""sweet pussy"" stamps. The funny part is me and my girl fucked like animals after I did them...haha",chilltownb,1465457284.0
d4216p8,https://www.reddit.com/r/opiates/comments/4n9k9n/last_night_i_shot_up_for_the_first_time/,t1_d4214v7,"Yeah, oddly the ??? Was the best by far. And that's great, I always go in when I get some good shit and my girl is around.",,1465457450.0
d422dsy,https://www.reddit.com/r/opiates/comments/4n9k9n/last_night_i_shot_up_for_the_first_time/,t1_d4216p8,"The get clean would make me laugh so I'd have to get it, the death wish I'd have to get cause it implies that it's awesome and ??? I'd have to get cause you gotta figure out the mystery lol ",Frostbittenkitty,1465461626.0
d422ej9,https://www.reddit.com/r/opiates/comments/4n9k9n/last_night_i_shot_up_for_the_first_time/,t1_d422dsy,Exactly. That's why I got all three!!,,1465461698.0
d422f3i,https://www.reddit.com/r/opiates/comments/4n9k9n/last_night_i_shot_up_for_the_first_time/,t1_d422ej9,Smart (wo)man ,Frostbittenkitty,1465461757.0
