dreljb0,https://www.reddit.com/r/opiates/comments/7ki52x/about_to_purposley_buy_pressed_bars/,t3_7ki52x,"#TEST!!!!! 

TEST TEST TEST TEST TEST TEST TEST TEST TEST TEST TEST TEST TEST TEST TEST TEST TEST TEST TEST TEST TEST TEST TEST TEST TEST TEST TEST TEST TEST TEST TEST TEST TEST TEST TEST TEST 
TEST TEST TEST TEST TEST TEST TEST TEST TEST TEST TEST TEST TEST TEST TEST TEST TEST TEST TEST TEST TEST TEST TEST TEST TEST TEST TEST TEST TEST TEST TEST TEST TEST TEST TEST TEST 

Take a small dose before you go balls to the wall man. You don't know what the contain bro, just becareful... ",Opiateswillkillyou,1513565124.0
dremwqv,https://www.reddit.com/r/opiates/comments/7ki52x/about_to_purposley_buy_pressed_bars/,t3_7ki52x,Bartards,Deadchickenstorage,1513566848.0
drek2c4,https://www.reddit.com/r/opiates/comments/7ki52x/about_to_purposley_buy_pressed_bars/,t3_7ki52x,Christ. ,Cujuabled,1513563347.0
drelfqe,https://www.reddit.com/r/opiates/comments/7ki52x/about_to_purposley_buy_pressed_bars/,t3_7ki52x,"hahaha this is why pharmaceuticals, in general, just need to be otc",fishstx420,1513565001.0
drenp8a,https://www.reddit.com/r/opiates/comments/7ki52x/about_to_purposley_buy_pressed_bars/,t3_7ki52x,"There are no such thing as 4mg bars from the pharmacy. 2mgs is the most.

So their def pressed. Now, it could for sure be 4mgs of alprazolam. Or some other benzo.",Shelovesthem80sbby,1513567863.0
drenquu,https://www.reddit.com/r/opiates/comments/7ki52x/about_to_purposley_buy_pressed_bars/,t3_7ki52x,There is more then certainly a benzo in the mix but definitely not alprazolam. No taste at all.,lilxanarchy,1513567923.0
dres8gd,https://www.reddit.com/r/opiates/comments/7ki52x/about_to_purposley_buy_pressed_bars/,t3_7ki52x,In my area if they're bars then there is a 99% chance they're pressed. I buy 50 of them every few weeks for $250. Never got any fent in them thank god. I'm praying that's not becoming a common thing.,c2ny,1513574002.0
drezie0,https://www.reddit.com/r/opiates/comments/7ki52x/about_to_purposley_buy_pressed_bars/,t3_7ki52x,Dude if you're buying bars on the street 98% of them are pressed. Hope you got a good presser,C_Lana_Zepamo,1513589220.0
drf862e,https://www.reddit.com/r/opiates/comments/7ki52x/about_to_purposley_buy_pressed_bars/,t3_7ki52x,"Weigh each pill individualy. I've come across 4mg pressed bars before, they weighed .4 each, compared to .2 for regular strength. Mine were a mix from .1-.4. ",GatorBator9_9,1513607444.0
drek6zy,https://www.reddit.com/r/opiates/comments/7ki52x/about_to_purposley_buy_pressed_bars/,t3_7ki52x,"I used to buy pressies from the shadowy corners of the net all the time! When they say they are 4mg they are anywhere from 3-6mg and it varies bar to bar with most pressers. I have never gotten fent from these people in bars, that is not smart in their game. Ya know, killing their customers.

**Don't you guys dare ask me about vendors, markets, or even think about talking about that shit in here.**",KickerS12X,1513563497.0
drem02a,https://www.reddit.com/r/opiates/comments/7ki52x/about_to_purposley_buy_pressed_bars/,t1_dreljb0,So do you think he should test? I think he should test.â˜º,LameNameUser,1513565694.0
drelk84,https://www.reddit.com/r/opiates/comments/7ki52x/about_to_purposley_buy_pressed_bars/,t1_dreljb0,Took just one. I'm gonna give it a few hours before anything else.,lilxanarchy,1513565154.0
drev720,https://www.reddit.com/r/opiates/comments/7ki52x/about_to_purposley_buy_pressed_bars/,t1_drek6zy,"What sadistic fucks would press fent bars, really any fake pills in general but with bars some of the people that consume just do benzos with little to no opi tolerance. I just don't wanna live on this planet anymore.",bigmatt1390,1513579167.0
dren62z,https://www.reddit.com/r/opiates/comments/7ki52x/about_to_purposley_buy_pressed_bars/,t1_drem02a,"Damn, I'm not sure. 


Yah I think he should study first.


Then he should test...


ğŸ˜‚ğŸ˜‚ğŸ˜‚ğŸ˜‚",Opiateswillkillyou,1513567182.0
dreq2ar,https://www.reddit.com/r/opiates/comments/7ki52x/about_to_purposley_buy_pressed_bars/,t1_drelk84,">Took just one.

If you don't know what/how much is in them, you should take only a very small portion. Taking a whole one is definitely not a good idea. ",FashionablyFake,1513571019.0
drenj5i,https://www.reddit.com/r/opiates/comments/7ki52x/about_to_purposley_buy_pressed_bars/,t1_drelk84,"Yah definitely give it at least a hour. The longer the better though. None of us know your metabolism, so more time the better.",Opiateswillkillyou,1513567646.0
dreou3o,https://www.reddit.com/r/opiates/comments/7ki52x/about_to_purposley_buy_pressed_bars/,t1_dren62z,Can we get the man a reagent please??,LameNameUser,1513569320.0
drf1yfa,https://www.reddit.com/r/opiates/comments/7ki52x/about_to_purposley_buy_pressed_bars/,t1_dreq2ar,ğŸ¤¦ğŸ»â€â™€ï¸ğŸ˜‚,inlovewithheroin,1513595951.0
drh9uo4,https://www.reddit.com/r/opiates/comments/7ki52x/about_to_purposley_buy_pressed_bars/,t1_drenquu,99% chance it's Etizolam. Roughly double the dose for the same effects as Xanax.,DrMarioBrother,1513704450.0
drhh9hd,https://www.reddit.com/r/opiates/comments/7ki52x/about_to_purposley_buy_pressed_bars/,t1_drh9uo4,It was totally fake. No effect.,lilxanarchy,1513711950.0
drhhyeo,https://www.reddit.com/r/opiates/comments/7ki52x/about_to_purposley_buy_pressed_bars/,t1_drhh9hd,damn dude,DrMarioBrother,1513712647.0
