dzbgi5o,https://www.reddit.com/r/opiates/comments/8ky9oa/purple_heroin/,t3_8ky9oa,Sounds fucked bro ,piperidones,1526877660.0
dzbgqex,https://www.reddit.com/r/opiates/comments/8ky9oa/purple_heroin/,t1_dzbgi5o,"It's surprisingly good though, man. ",mynameisbop,1526878016.0
dzbgrhg,https://www.reddit.com/r/opiates/comments/8ky9oa/purple_heroin/,t1_dzbgqex,Yeah idk if I‚Äôve shoot purple shit and that‚Äôs coming from someone who shoots everything ,piperidones,1526878062.0
dzbmu7b,https://www.reddit.com/r/opiates/comments/8ky9oa/purple_heroin/,t3_8ky9oa,It's a fentalogue,surkitxx,1526889820.0
dzbhrps,https://www.reddit.com/r/opiates/comments/8ky9oa/purple_heroin/,t3_8ky9oa,"I've gotten it in the biggest Midwestern  *chity* (aka where house music was pioneered) and I'm pretty sure it was fent or an analog every time. No smell but literally looked like purple kool aid when set up. Wasn't bad but if be in WD 6 hrs after last shot and suboxone wouldn't even touch the WD, even after 32 hours after last dose when I was miserably in the worst dopesickness of my life. I prefer good ole h but at that point he was my only dude I could cop from so I was doing that shit for almost 2 months straight. I literally had to pick up from this dude once while his block was being raided because the were open air marketing kind of. So literally cops were 200 ft away arresting corner boys as I'm meeting with him. Worst experience ever. ",cruella_le_troll,1526879695.0
dzbipzg,https://www.reddit.com/r/opiates/comments/8ky9oa/purple_heroin/,t3_8ky9oa,Maybe he gave you crushed up pink or purple morphine pills this time? My dope is always light brown powder that draws up close to clear so... couldn't tell you. But sounds kinda fucked up.,HYDR0MORPH,1526881342.0
dzbpxiy,https://www.reddit.com/r/opiates/comments/8ky9oa/purple_heroin/,t3_8ky9oa,"I snagged some a couple years ago, was Greyish purple and it was bomb asf. ",CozyBoyD4L,1526897326.0
dzbmj6c,https://www.reddit.com/r/opiates/comments/8ky9oa/purple_heroin/,t3_8ky9oa,"I've gotten purple-tinged ECP a couple times in the same large city mentioned elsewhere in the comments, and it was always a great high, but I sadly have no answers as to what gave it that color...maybe cut with some kind of pill other than dorm?",BrandNewJunkie,1526889108.0
dzd2dxn,https://www.reddit.com/r/opiates/comments/8ky9oa/purple_heroin/,t3_8ky9oa,https://youtu.be/sPfxMIhEUrQ,rickersjun,1526950808.0
dzbij07,https://www.reddit.com/r/opiates/comments/8ky9oa/purple_heroin/,t3_8ky9oa,no... just no... ,Speedamine,1526881001.0
dzd2gpe,https://www.reddit.com/r/opiates/comments/8ky9oa/purple_heroin/,t1_dzd2dxn,"#### [Breaking Bad - Tuco ""Tight, tight, tight""](https://youtu.be/sPfxMIhEUrQ)
##### 964,981 views &nbsp;üëç3,290 üëé139
***
Description: Lovely scene where Tuco the druglord tries out the blue meth, as you can see, he really likes it.

*Patrick Bateman, Published on Aug 27, 2010*
***
^(Beep Boop. I'm a bot! This content was auto-generated to provide Youtube details.) | [Opt Out](http://np.reddit.com/r/YTubeInfoBot/wiki/index) | [More Info](http://np.reddit.com/r/YTubeInfoBot/)",YTubeInfoBot,1526950883.0
dzbgrhg,https://www.reddit.com/r/opiates/comments/8ky9oa/purple_heroin/,t1_dzbgqex,Yeah idk if I‚Äôd shoot purple shit and that‚Äôs coming from someone who shoots everything ,piperidones,1526878062.0
dzd3djj,https://www.reddit.com/r/opiates/comments/8ky9oa/purple_heroin/,t1_dzd2gpe,Good bot,rickersjun,1526951758.0
dzd3dlv,https://www.reddit.com/r/opiates/comments/8ky9oa/purple_heroin/,t1_dzd3djj,"If I wasn't a bot, I would have sent you a picture of myself. Because I look totally grateful.",YTubeInfoBot,1526951760.0
